<?xml version="1.0" encoding="utf-8"?>
<ns:Requestjobsearch xmlns:ns="urn://rostrud/job_search/data/1.0.0" xmlns:tns="urn://rostrud/types/1.0.1" xmlns:xsi="http://www.w3.org/2001/XMLSchema-instance">
    <ns:jobsearch>
                  <ns:claim_unemployment_benefits>true</ns:claim_unemployment_benefits>
                <ns:personalData>
            <tns:lastName>Егоров</tns:lastName>
            <tns:firstName>Сергей</tns:firstName>
                          <tns:middleName>Николаевич</tns:middleName>
                        <tns:birthDate>2002-01-14</tns:birthDate>
                          <tns:gender>Male</tns:gender>
                                      <tns:personCitizenship>RU</tns:personCitizenship>
                        <tns:passportSeries>9721</tns:passportSeries>
            <tns:passportNumber>553385</tns:passportNumber>
            <tns:issueDate>2022-03-18</tns:issueDate>
            <tns:issuedBy>МВД ПО ЧУВАШСКОЙ РЕСПУБЛИКЕ</tns:issuedBy>
            <tns:INN>212810013860</tns:INN>
            <tns:SNILS>166-202-833 51</tns:SNILS>
        </ns:personalData>
        <ns:Address>
                      <tns:addressType>CONSTANT</tns:addressType>
            <tns:stateRegion>2100000000000</tns:stateRegion>
                        <tns:homeCity>Самуково, </tns:homeCity>
                                                  <tns:homeHouse>62</tns:homeHouse>
                                                      </ns:Address>
        <ns:lastWorkOrg>
                          <tns:isApplicantHaveWorked>false</tns:isApplicantHaveWorked>
                    </ns:lastWorkOrg>
        <ns:Communication>
            <tns:personMobilePhone>+79613470440</tns:personMobilePhone>
            <tns:personEMail>ser.12egorov@gmail.com</tns:personEMail>
                          <tns:priorityCommunication>2</tns:priorityCommunication>
                    </ns:Communication>
        <ns:CZN>
            <tns:submitRegion>2100000000000</tns:submitRegion>
            <tns:submitOffice>22a6e5eb-4c94-4e4f-93e1-23665189179c</tns:submitOffice>
        </ns:CZN>
        <ns:searchRegion>
                                              </ns:searchRegion>
        <ns:receiveMethod>
                          <tns:receiveMethod>1</tns:receiveMethod>
              <tns:receiveMethodBank>
                                    <tns:bankName>049706609 - ЧУВАШСКОЕ ОТДЕЛЕНИЕ N8613 ПАО СБЕРБАНК г Чебоксары</tns:bankName>
                                                      <tns:bankBIC>049706609</tns:bankBIC>
                                    <tns:bankINN>7707083893</tns:bankINN>
                                    <tns:bankKor>30101810300000000609</tns:bankKor>
                                    <tns:bankPaymAccount>40817810375005917539</tns:bankPaymAccount>
              </tns:receiveMethodBank>
                                </ns:receiveMethod>
        <ns:socialStatus>
                          <tns:isApplicantPrepensioner>false</tns:isApplicantPrepensioner>
                                      <tns:isApplicantHandicapped>false</tns:isApplicantHandicapped>
                                      <tns:isApplicantOrphan>false</tns:isApplicantOrphan>
                                      <tns:isApplicantHaveChildren>false</tns:isApplicantHaveChildren>
                                      <tns:isApplicantGuardianChildren>false</tns:isApplicantGuardianChildren>
                                                  <tns:isApplicantHaveChildrenForeign>false</tns:isApplicantHaveChildrenForeign>
                                      <tns:isApplicantPensioner>false</tns:isApplicantPensioner>
                                      <tns:isApplicantMilitaryPensioner>false</tns:isApplicantMilitaryPensioner>
                                      <tns:isApplicantParentalLeave3>false</tns:isApplicantParentalLeave3>
                                      <tns:isApplicantReleasedPrison>false</tns:isApplicantReleasedPrison>
                                      <tns:isApplicantRefugee>false</tns:isApplicantRefugee>
                                      <tns:isApplicantDischargedMilitary>false</tns:isApplicantDischargedMilitary>
                                      <tns:isApplicantSingleParent>false</tns:isApplicantSingleParent>
                                      <tns:isApplicantExposedRadiation>false</tns:isApplicantExposedRadiation>
                                      <tns:isApplicantAge1825>true</tns:isApplicantAge1825>
                                      <tns:isApplicantAge1618>false</tns:isApplicantAge1618>
                                      <tns:isApplicantAge1418>false</tns:isApplicantAge1418>
                                      <tns:isApplicantWorker>false</tns:isApplicantWorker>
                                      <tns:isApplicantStudent>false</tns:isApplicantStudent>
                    </ns:socialStatus>
        <ns:children>
                    </ns:children>
        <ns:confirmation>
            <tns:toCZN>true</tns:toCZN>
            <tns:toemployer>true</tns:toemployer>
            <tns:approval>true</tns:approval>
            <tns:truedata>true</tns:truedata>
            <tns:fraud>true</tns:fraud>
        </ns:confirmation>
        <ns:employment>
                          <tns:isLessThan16>false</tns:isLessThan16>
                                      <tns:isApplicantPensioner>false</tns:isApplicantPensioner>
                                      <tns:isPrisoner>false</tns:isPrisoner>
                                      <tns:isApplicantHaveWorked>false</tns:isApplicantHaveWorked>
                                      <tns:isEntrepreneur>false</tns:isEntrepreneur>
                                      <tns:isAncillaryCraft>false</tns:isAncillaryCraft>
                                      <tns:isWorkedOnContracts>false</tns:isWorkedOnContracts>
                                      <tns:isPaidPosition>false</tns:isPaidPosition>
                                      <tns:isMilitaryPersonnel>false</tns:isMilitaryPersonnel>
                                      <tns:isStudent>false</tns:isStudent>
                                      <tns:isTemporarilyAbsent>false</tns:isTemporarilyAbsent>
                                      <tns:isFounder>false</tns:isFounder>
                                      <tns:isMemberKFH>false</tns:isMemberKFH>
                                      <tns:isPayerNPD>false</tns:isPayerNPD>
                    </ns:employment>
    </ns:jobsearch>
    <ns:serviceinformation>
        <tns:orderId>2064927717</tns:orderId>
        <tns:ServiceCode>1128107210</tns:ServiceCode>
        <tns:TargetCode>-10000000366</tns:TargetCode>
        <tns:StatementDate>2022-07-25</tns:StatementDate>
    </ns:serviceinformation>
</ns:Requestjobsearch>
